Wall time,Step,Value
1508525177.8404198,63,0.2900286912918091
1508525223.6085212,126,0.13228224217891693
1508525269.6168323,189,0.20682987570762634
1508525315.705523,252,0.13957220315933228
1508525360.7789223,315,0.11081455647945404
1508525406.2196052,378,0.14274367690086365
1508525451.7811038,441,0.285751074552536
1508525497.574055,504,0.09181197732686996
1508525544.3254416,567,0.1646236628293991
1508525591.2074184,630,0.08839022368192673
