Wall time,Step,Value
1508525177.8404198,63,0.8703253865242004
1508525223.6085212,126,0.9520398378372192
1508525269.6168323,189,0.9664885997772217
1508525315.705523,252,0.9533753991127014
1508525360.7789223,315,0.9690383672714233
1508525406.2196052,378,0.9656386375427246
1508525451.7811038,441,0.9271491169929504
1508525497.574055,504,0.9752306938171387
1508525544.3254416,567,0.9551966786384583
1508525591.2074184,630,0.9745022058486938
