Wall time,Step,Value
1508529324.0455782,29,0.16703297197818756
1508529332.0905192,58,0.3076923191547394
1508529340.0843697,87,0.36043956875801086
1508529348.1013305,116,0.4153846204280853
1508529356.1119566,145,0.4901098906993866
1508529364.1645021,174,0.4989010989665985
1508529372.1027968,203,0.5384615659713745
1508529380.17637,232,0.5428571701049805
1508529388.2315376,261,0.595604419708252
1508529396.3120258,290,0.6000000238418579
