Wall time,Step,Value
1508529324.0455782,29,3.4785120487213135
1508529332.0905192,58,3.1742136478424072
1508529340.0843697,87,2.560295343399048
1508529348.1013305,116,2.1664516925811768
1508529356.1119566,145,1.972249984741211
1508529364.1645021,174,1.9622876644134521
1508529372.1027968,203,1.7286773920059204
1508529380.17637,232,1.6445225477218628
1508529388.2315376,261,1.5901756286621094
1508529396.3120258,290,1.7792991399765015
