Wall time,Step,Value
1508527864.875131,35,2.997500419616699
1508527878.5779727,70,3.104311227798462
1508527892.4277596,105,1.8563774824142456
1508527906.2333295,140,2.112173080444336
1508527920.007867,175,2.6458051204681396
1508527933.9757748,210,3.110764503479004
1508527948.1690426,245,2.320756435394287
1508527962.0748227,280,2.8376150131225586
1508527976.263919,315,1.640426754951477
1508527990.4373002,350,1.7308560609817505
