Wall time,Step,Value
1508527864.875131,35,0.27159762382507324
1508527878.5779727,70,0.48343196511268616
1508527892.4277596,105,0.5278106331825256
1508527906.2333295,140,0.6142011880874634
1508527920.007867,175,0.6023668646812439
1508527933.9757748,210,0.6337277889251709
1508527948.1690426,245,0.668639063835144
1508527962.0748227,280,0.6852071285247803
1508527976.263919,315,0.7248520851135254
1508527990.4373002,350,0.7343195080757141
