Wall time,Step,Value
1508529920.9339232,9,0.8198757767677307
1508529924.1519115,18,0.8198757767677307
1508529927.3298771,27,0.8198757767677307
1508529930.4674563,36,0.8198757767677307
1508529933.6234622,45,0.8198757767677307
1508529936.7602081,54,0.8198757767677307
1508529939.8772562,63,0.1801242232322693
1508529943.0373352,72,0.8198757767677307
1508529946.1427228,81,0.8198757767677307
1508529949.288075,90,0.8198757767677307
