Wall time,Step,Value
1508529920.9339232,9,0.5721815824508667
1508529924.1519115,18,0.4760970175266266
1508529927.3298771,27,0.47599273920059204
1508529930.4674563,36,0.559911847114563
1508529933.6234622,45,0.527859628200531
1508529936.7602081,54,0.5439772009849548
1508529939.8772562,63,0.9758975505828857
1508529943.0373352,72,0.47805023193359375
1508529946.1427228,81,0.4692467451095581
1508529949.288075,90,0.49394890666007996
